[
  {
    "id": "d91f2106-e4f1-47b5-a1e7-7e3cb9236140",
    "data": [
      {
        "text": "kanishk",
        "userDefined": false
      }
    ],
    "isTemplate": false,
    "count": 0,
    "updated": 0
  },
  {
    "id": "9baf96d2-e15e-47b1-b99c-3de49fc59f79",
    "data": [
      {
        "text": "hello",
        "userDefined": false
      }
    ],
    "isTemplate": false,
    "count": 0,
    "updated": 0
  },
  {
    "id": "d5cb5634-3c76-45f9-b8a3-87c2b2dc2995",
    "data": [
      {
        "text": "Hi",
        "userDefined": false
      }
    ],
    "isTemplate": false,
    "count": 0,
    "updated": 0
  }
]