[
  {
    "id": "c32f9b4f-0cf5-4ef6-be4d-e8ac87c819a0",
    "data": [
      {
        "text": "book me a gym slot for ",
        "userDefined": false
      },
      {
        "text": "tomorrow",
        "alias": "date",
        "meta": "@sys.date",
        "userDefined": false
      }
    ],
    "isTemplate": false,
    "count": 0,
    "updated": 0
  },
  {
    "id": "5f8940ac-126a-4cbd-b81c-b78303d9dffe",
    "data": [
      {
        "text": "book a gym slot for ",
        "userDefined": false
      },
      {
        "text": "tomorrow",
        "alias": "date",
        "meta": "@sys.date",
        "userDefined": false
      }
    ],
    "isTemplate": false,
    "count": 0,
    "updated": 0
  },
  {
    "id": "07a2b351-5f53-4cd7-a420-add4d4887f87",
    "data": [
      {
        "text": "book me the gym for ",
        "userDefined": false
      },
      {
        "text": "tomorrow",
        "alias": "date",
        "meta": "@sys.date",
        "userDefined": false
      }
    ],
    "isTemplate": false,
    "count": 0,
    "updated": 0
  }
]