[
  {
    "id": "c0fc0dfd-3b42-4a8b-8de5-b2aac60b466e",
    "data": [
      {
        "text": "Restaurant Booking",
        "userDefined": false
      }
    ],
    "isTemplate": false,
    "count": 0,
    "updated": 0
  },
  {
    "id": "d125feb9-428c-4d24-b7d5-2e04a7538494",
    "data": [
      {
        "text": "book a table",
        "userDefined": false
      }
    ],
    "isTemplate": false,
    "count": 0,
    "updated": 0
  },
  {
    "id": "14d83905-f7dc-4766-9647-e522fbc23b3c",
    "data": [
      {
        "text": "reserve a table",
        "userDefined": false
      }
    ],
    "isTemplate": false,
    "count": 0,
    "updated": 0
  }
]