[
  {
    "id": "c572489b-4095-4a54-a70c-3136dd0d1df0",
    "data": [
      {
        "text": "TV",
        "userDefined": false
      }
    ],
    "isTemplate": false,
    "count": 0,
    "updated": 0
  },
  {
    "id": "ece22c84-1307-458d-b156-be7257fbc2aa",
    "data": [
      {
        "text": "TV Menu",
        "userDefined": false
      }
    ],
    "isTemplate": false,
    "count": 0,
    "updated": 0
  },
  {
    "id": "c9993cb5-eaef-46ea-82db-ab23363d3d86",
    "data": [
      {
        "text": "TV Menu options",
        "userDefined": false
      }
    ],
    "isTemplate": false,
    "count": 0,
    "updated": 0
  }
]